<?xml version='1.1' encoding='UTF-8'?>
<configuration>
	<rules>
		<proxy-rule name="HTTP proxy" port="9000" />
		<forwarding-rule name="thomas-bayer.com" host="*"
			port="3000" path=".*" method="*">
			<targetport>80</targetport>
			<targethost>thomas-bayer.com</targethost>
		</forwarding-rule>
		<forwarding-rule name="localhost" host="*" port="2000" path=".*"
			method="*">
			<targetport>8080</targetport>
			<targethost>localhost</targethost>
		</forwarding-rule>
	</rules>
	<format>
		<adjustHostHeader>true</adjustHostHeader>
	</format>
</configuration>